block_height,parent_hash,timestamp,nonce
0,0000000000000000000000000000000000000000000000000000000000000000,1769969770,4631
1,00088f457c0e798b4946f67edf7a7e61eb2e377f21eccc257f33aa601d52fcd8,1769969771,8944
2,0007ea93df8d6236a9a66e4303643e29e6090f29ac7b5bd783b3ae8c6cbaa095,1769969772,3055
3,000ef785a5097a4fb7348c19d24404dfca44ae05ebafda87a8a2f2b9833e4d26,1769969773,9676
4,00031b1dcd665c8e33edca3ce00cccc167f240f027ba4dc55428329a54da5624,1769969774,2154
5,000644d55869e0ba7be3d2964dbb6903d95453e68f253a5d1ea53bf26e9ce3b0,1769969775,9764
6,000846cfa545c398d4fe126669e20cf9a7cb5c2af3533402495389d841827b0f,1769969776,1643
7,0002aad1e9bb309e001b348bd52f95c1f762f17005b9e73e8a0a4b3bfdbd2382,1769969777,16640
8,000ce3073745b6514885d123587019c4a160e5c31bd6c3e6db610a76758bc851,1769969778,376
9,00070c1baa3a6651d662db1cae44c5c34f5a0f3cd3cd219df183867cf7fc356f,1769969779,2856
